Price,Dividend Yield,Price/Earnings,Book Value,52 week low,52 week high,Market Cap,EBITDA,Price/Sales,Price/Book,MorningStar Rating
37.63,1.21,27.29,12.33,33.12,43.59,12.34,0.819,3.04,3.04,3.0
8.87,1.35,3.575384615384615,9.15,6.14,15.32,11.62,3.25,0.51,0.96,2.0
150.08,0.16,23.45,33.59,131.59,201.24,11.0,1.22,1.13,4.48,4.0
96.76,2.15,10.3,23.13,92.0,134.54,536.49,82.79,2.27,4.15,4.0
56.2,4.12,17.96,2.45,45.45,71.6,90.55,9.47,3.87,22.4,3.0
87.6,1.55,48.61,6.3,80.5,120.68,18.0,1.64,0.13,13.82,4.0
39.63,2.66,13.54,14.15,36.0,51.74,59.12,4.81,2.87,2.77,4.0
100.91,2.19,21.26,9.43,86.4,109.86,63.36,5.2,2.01,10.55,2.0
86.68,0.0,69.9,14.06,71.27,96.42,43.2,1.24,8.67,5.93,3.0
52.99,3.19,24.65,16.11,47.24,68.97,16.43,1.27,4.68,3.22,3.0
34.62,3.55,11.62,30.08,29.86,53.31,20.56,2.89,0.3,1.13,3.0
85.92,2.45,26.68,9.17,64.29,90.67,39.3,2.33,3.47,9.3,2.0
49.42,0.0,65.2606912712361,7.69,41.6,65.78,11.14,0.1707,4.4,6.39,3.0
40.29,2.2,23.67,17.58,24.22,42.88,6.66,1.82,1.85,2.28,3.0
48.13,3.68,18.59,28.63,37.26,48.22,11.68,2.2,1.89,1.66,2.0
63.89,3.56,17.72,36.06,52.29,63.9,31.36,5.28,1.79,1.75,3.0
9.97,4.49,11.84,5.29,8.22,14.02,6.71,3.86,0.43,1.9,3.0
109.4,0.94,16.14,45.51,92.42,134.4,38.15,5.43,0.62,2.34,1.0
296.34,0.1,27.24,184.12,237.5,340.34,116.79,7.64,5.72,1.55,5.0
51.37,2.46,31.13,75.1,50.23,64.93,61.33,10.41,1.04,0.68,4.0
54.96,0.0,30.88,17.63,39.43,78.44,9.73,0.75286,4.41,3.11,2.0
64.41,2.05,12.75,47.98,54.12,72.51,24.54,3.98,0.68,1.33,3.0
140.54,0.0,209.76,36.6,130.51,208.88,31.66,0.86215,12.28,3.88,4.0
18.89,2.15,17.31,6.26,14.25,25.64,21.65,2.0,2.24,2.99,3.0
46.39,0.78,18.93,13.72,42.82,57.67,11.0,1.05,2.71,3.31,2.0
130.3,0.0,14.03,52.64,115.97,230.63,7.02,0.9682,2.8,2.45,3.0
146.75,2.69,16.2,37.24,130.09,181.81,110.37,10.7,5.11,3.95,4.0
84.37,3.17,9.95,42.21,76.0,137.07,14.43,3.48,1.17,1.98,3.0
89.42,2.2,66.93,15.63,83.07,104.12,37.88,2.82,8.31,5.7,3.0
555.15,0.0,444.12,28.42,365.65,696.44,261.39,7.88,2.44,19.5,3.0
51.94,0.0,13.35,21.2,40.45,67.5,5.57,0.9982,0.26,2.42,3.0
132.23,1.97,14.1,88.21,115.63,173.59,34.56,5.82,0.43,1.48,2.0
37.79,2.52,2.4723183391003456,25.95,32.2,71.87,14.29,5.78,1.69,1.49,1.0
37.64,0.54,6.115015974440895,25.23,28.16,95.94,19.14,3.13,1.94,1.43,2.0
132.99,2.44,21.98,34.16,114.64,158.2,28.68,2.91,2.93,3.85,3.0
52.72,1.07,21.88,10.5,44.5,60.54,16.27,1.28,2.9,5.0,2.0
141.76,1.7,30.55,27.33,86.09,141.79,10.27,0.96572,1.93,5.18,3.0
32.32,0.82,27.16,11.01,22.28,39.93,23.69,1.42,4.98,2.88,3.0
172.71,3.16,31.34,71.84,158.72,186.89,23.66,1.18,12.37,2.36,3.0
132.47,1.35,27.29,17.06,100.0,150.5,36.63,2.84,5.28,7.64,3.0
66.24,2.28,22.46,10.44,50.94,66.65,6.13,0.726,1.0,6.2,2.0
55.39,2.09,10.97,21.4,50.27,83.54,53.4,0.0,1.71,2.55,4.0
785.15,0.0,21.15,-58.74,640.0,803.25,23.72,2.26,2.28,-13.366530473272045,3.0
116.82,3.71,15.7,9.5,102.1,156.91,77.39,9.0,0.8,12.16,3.0
12.32,1.59,9.4,22.54,10.99,18.48,129.56,0.0,1.61,0.54,3.0
39.84,1.2,22.57,14.31,32.18,43.44,21.79,1.53,2.14,2.72,3.0
48.24,0.0,9.54,16.0,41.26,78.1,7.74,1.7,0.64,3.02,4.0
32.49,3.28,12.69,31.66,29.95,41.9,25.35,0.0,2.72,1.01,4.0
32.24,2.99,12.14,13.48,25.31,42.0,11.05,2.22,0.27,2.33,3.0
196.57,0.51,111.06,19.75,163.81,202.47,14.49,1.03,4.22,9.82,2.0
148.67,1.81,45.89,34.1,128.87,157.5,31.49,2.87,2.78,4.32,3.0
35.73,2.06,11.45,19.79,31.0,54.85,21.18,2.98,2.7,1.76,3.0
43.25,1.56,11.72222222222222,37.12,37.58,70.45,18.99,1.62,1.17,1.13,2.0
262.35,0.0,17.1,42.88,242.07,480.18,57.37,5.62,5.23,6.0,4.0
35.33,1.92,13.04,32.69,32.2,45.45,38.35,0.0,2.51,1.06,4.0
313.62,2.89,15.85,169.44,275.0,380.99,51.93,4.93,4.47,1.82,3.0
66.83,0.78,33.58,8.79,57.95,75.24,9.47,1.09,1.19,7.61,2.0
63.03,2.39,67.77,8.55,51.82,70.87,105.23,4.98,6.27,7.28,3.0
32.6,1.58,12.07,16.2,27.68,63.3,7.13,1.36,0.88,2.0,4.0
39.5,0.71,28.19,5.87,29.83,42.38,26.8,2.09,4.3,6.64,4.0
115.18,2.27,30.96,35.87,94.91,145.9,17.69,1.51,6.95,3.17,3.0
38.62,0.51,7.15,69.46,34.52,60.95,114.06,0.0,1.62,0.55,4.0
29.78,3.39,17.14,12.67,25.16,33.42,12.41,1.23,3.04,2.33,3.0
42.48,2.39,8.123348017621145,7.91,33.45,45.49,18.44,2.27,1.15,5.31,2.0
82.67,1.9,20.11,20.34,74.73,91.91,27.23,2.89,0.24,4.04,3.0
66.47,4.58,18.99,25.43,56.36,89.62,38.71,7.26,0.82,2.59,3.0
118.39,0.0,13.73,89.77,96.0,119.86,38.43,3.74,1.99,1.29,3.0
25.71,0.0,15.77,8.13,22.74,39.77,8.58,1.11,0.78,3.11,4.0
47.64,1.28,16.48,12.02,38.51,63.95,21.89,3.11,1.57,3.95,3.0
86.74,4.08,19.62,21.28,75.71,88.26,28.89,2.03,7.85,4.06,3.0
48.51,2.51,21.46,30.79,40.52,55.77,37.45,3.62,2.36,1.56,4.0
102.35,0.0,52.76,7.53,92.98,140.72,80.0,3.05,8.62,13.57,4.0
51.36,0.0,33.35,11.39,49.89,75.72,17.46,1.21,4.05,4.55,3.0
33.16,3.58,11.2,17.32,26.1,70.32,7.73,1.76,1.72,1.83,4.0
92.21,1.57,30.04,15.57,76.85,92.4,11.96,0.7841,3.5,5.88,2.0
2.56,0.0,0.46831955922865015,1.84,1.5,17.3,1.7,3.63,0.13,1.46,3.0
70.16,2.45,19.99,7.93,59.71,76.18,10.07,0.92472,0.75,8.86,3.0
140.32,0.03,17.46,46.91,118.7,170.68,36.0,4.33,0.93,2.93,3.0
67.42,2.25,44.36,-0.34,50.84,71.56,60.19,4.39,3.69,-198.2941176470588,3.0
131.45,2.4,25.39,1.53,103.77,132.19,17.02,1.22,2.96,85.07,2.0
34.26,2.36,12.06,43.03,30.48,53.45,6.02,0.0,2.3,0.79,2.0
58.53,1.89,18.06,21.4,50.0,64.99,142.95,24.88,1.91,2.73,2.0
93.19,2.61,25.25,61.01,81.87,100.87,31.39,2.22,9.35,1.51,3.0
505.33,0.0,33.47,69.58,399.14,758.61,15.18,0.90715,3.44,7.4,4.0
97.7,3.96,12.46,42.49,79.88,146.13,17.03,2.57,0.88,2.26,3.0
40.59,3.13,21.48,14.21,31.22,40.79,11.25,1.76,1.73,2.83,2.0
19.14,5.53,4.382978723404255,9.43,16.05,21.48,8.24,1.88,1.02,2.0,3.0
7.65,0.46,1.5909090909090908,20.53,4.54,34.14,1.75,1.1,0.72,0.39,3.0
66.42,2.36,9.4,89.08,58.49,92.1,35.26,0.0,1.84,0.73,4.0
19.41,0.37,12.617057381685624,4.86,14.88,35.64,8.03,0.63644,6.27,4.06,3.0
38.9,3.73,29.43,9.24,27.22,43.87,10.8,0.9323,2.48,4.1,3.0
88.64,1.5,18.09,14.47,76.03,99.37,11.62,1.18,2.23,6.1,3.0
33.06,2.9,6.479365079365079,35.81,31.05,69.72,40.82,6.3,1.34,0.92,2.0
154.72,1.07,28.97,24.67,117.03,169.73,68.04,4.77,0.58,6.24,2.0
62.62,2.05,30.59,4.56,44.45,62.64,19.41,1.48,2.34,13.27,2.0
69.42,0.0,115.27975788499538,7.15,52.6,82.9,46.09,0.39981,6.59,8.74,3.0
26.6,3.91,13.17,12.05,22.46,30.31,133.85,14.28,2.67,2.18,3.0
24.36,2.85,12.18,12.07,21.33,37.67,23.46,4.8,2.0,2.03,4.0
84.78,1.24,15.09,17.8,78.0,94.35,9.17,0.89502,1.95,4.73,2.0
30.41,7.2,19.25,25.96,21.94,38.33,16.47,6.96,0.91,1.16,4.0
57.24,0.0,21.6,15.26,51.22,69.8,34.81,2.46,2.75,3.68,3.0
71.61,0.0,35.98,12.83,59.0,84.17,11.03,0.84398,3.27,5.42,2.0
32.45,1.84,45.01,-17.92,17.66,33.28,8.98,1.75,1.38,-1.8108258928571428,3.0
98.4,1.74,21.26,33.78,81.37,113.65,108.34,11.86,0.7,2.87,3.0
85.3,4.82,34.82,82.31,69.58,112.2,160.54,17.14,1.31,1.04,3.0
88.78,0.0,53.07,51.51,69.94,134.13,10.57,2.35,5.43,1.78,1.0
71.83,3.96,22.45,21.22,64.54,76.59,42.86,5.3,3.64,3.36,3.0
60.42,2.52,27.96,11.2,47.11,76.59,52.67,4.11,2.05,5.27,3.0
79.6,3.06,14.5,20.9,70.16,98.23,25.1,3.71,0.89,3.78,3.0
47.16,2.37,9.19,26.72,42.86,61.5,19.9,0.0,2.32,1.75,3.0
76.27,1.21,19.93,18.37,59.75,81.42,22.19,2.26,1.09,4.09,3.0
66.72,2.4,13.7,32.76,59.66,89.0,9.54,1.46,1.26,2.02,3.0
27.22,1.23,13.23,16.39,22.97,33.1,10.07,1.25,0.9,1.62,2.0
88.26,0.62,18.62,34.49,81.25,97.62,60.62,4.52,2.91,2.53,3.0
95.65,1.47,17.88,25.86,86.25,122.08,156.06,16.44,2.87,3.69,4.0
24.88,0.0,15.79,8.59,23.74,34.94,15.78,2.44,2.5,2.93,4.0
24.57,0.0,15.59,8.59,23.33,32.78,15.59,2.44,2.46,2.89,4.0
66.68,1.75,13.18,8.09,55.59,90.57,18.51,2.49,1.17,7.88,2.0
95.09,2.04,20.51,-32.02,85.99,135.14,3.44,0.4548,2.07,-2.9697064334790753,3.0
19.26,0.0,2.444444444444444,29.99,14.18,35.95,2.64,1.08,1.13,0.65,2.0
60.54,2.73,11.09,23.51,50.91,78.21,9.38,1.3,1.32,2.52,3.0
48.1,3.84,7.82,19.14,35.11,57.1,53.73,8.61,1.08,2.47,3.0
93.21,2.32,23.48,11.62,72.0,95.87,17.51,1.53,2.77,7.97,2.0
63.74,3.22,22.36,15.52,53.38,75.6,8.17,0.8733,1.18,4.08,3.0
86.97,3.42,21.47,48.88,73.23,87.84,15.61,2.04,1.49,1.76,2.0
76.44,4.41,18.88,57.74,65.5,80.1,52.59,8.61,2.2,1.3,4.0
65.33,0.0,52.26,23.22,61.36,85.17,13.7,2.5,0.98,2.76,3.0
19.56,1.18,2.5532544378698225,16.86,18.07,70.48,8.63,3.38,0.68,1.15,2.0
64.68,0.0,33.12,9.72,53.01,76.92,20.01,0.942,4.57,6.5,3.0
24.18,0.0,17.05,5.55,21.52,29.83,28.5,2.95,3.29,4.31,3.0
103.68,1.3,27.78,22.97,98.62,122.48,30.62,2.92,2.18,4.45,2.0
72.45,3.74,17.89,44.55,56.86,73.9,21.27,3.56,1.67,1.61,2.0
106.53,1.28,30.01,19.47,90.71,114.46,12.65,0.9014,4.65,5.36,1.0
68.79,2.99,14.91,35.6,55.18,69.24,22.41,4.05,1.8,1.91,2.0
92.68,1.31,29.9,9.76,73.67,92.7,34.16,2.13,3.06,9.4,3.0
25.93,1.82,25.67,10.88,22.66,29.24,50.38,5.38,2.0,2.34,3.0
64.54,2.85,11.4,26.09,56.03,83.9,9.54,2.14,0.98,2.45,3.0
48.63,3.86,12.83,11.59,41.25,62.75,31.27,4.04,1.45,4.17,4.0
52.67,0.0,15.25224372906492,28.25,46.66,96.58,11.93,0.78218,3.44,1.81,5.0
68.5,0.93,7.5602409638554215,24.17,57.15,101.36,37.65,4.98,3.68,2.88,2.0
74.5,2.98,31.55,28.6,61.9,82.53,27.17,1.79,9.73,2.56,3.0
56.66,3.22,20.53,32.46,44.64,56.92,17.96,2.42,2.24,1.73,2.0
69.69,0.0,19.58,25.67,65.55,94.61,46.56,6.87,0.45,2.7,4.0
7.88,3.88,0.8051948051948052,38.26,7.25,28.4,1.86,2.31,0.44,0.22,2.0
57.28,3.81,13.54,32.91,46.19,73.82,26.43,3.31,1.26,1.73,3.0
74.25,4.59,3.774928774928775,51.89,61.27,79.84,13.25,3.51,1.14,1.42,3.0
89.56,0.0,39.8,11.6,61.38,89.58,19.33,0.7111,7.6,7.57,2.0
31.98,3.91,12.59,28.04,25.09,34.98,29.42,8.22,0.99,1.13,2.0
45.91,1.54,19.87,9.88,40.41,51.8,8.56,0.74754,1.25,4.6,3.0
105.13,0.9,18.44,32.37,88.4,140.51,15.83,0.7312,2.36,3.22,4.0
12.39,4.78,6.73,7.22,10.44,16.74,49.18,16.02,0.32,1.67,4.0
45.07,2.65,25.46,6.22,34.45,45.65,13.0,0.91394,3.32,7.15,2.0
108.07,0.0,83.58,15.6,72.0,117.59,307.6,8.24,16.97,6.85,2.0
7.12,0.0,2.6331360946745566,6.26,3.52,23.97,8.9,3.38,0.57,1.15,3.0
135.98,0.74,34.87,54.39,119.71,185.19,37.48,7.27,0.76,2.45,3.0
33.95,4.32,24.78,29.33,28.89,37.05,14.38,3.9,0.95,1.12,3.0
95.95,0.0,18.81,18.36,86.03,135.2,6.6,0.59424,3.33,5.14,3.0
60.04,1.73,27.48,31.52,55.11,73.6,17.75,1.98,2.65,1.88,3.0
99.47,0.0,33.27,11.81,76.34,99.48,22.18,1.6,4.17,8.33,2.0
15.3,3.32,7.61,18.48,13.84,21.93,12.01,0.0,1.92,0.81,4.0
46.01,1.79,16.37,21.56,39.48,62.26,6.39,1.12,0.35,2.14,3.0
37.38,1.74,10.22,14.27,32.24,64.72,5.0,0.5998,1.51,2.59,3.0
27.38,1.1,23.11,7.51,22.65,34.81,52.51,6.15,1.98,3.64,4.0
27.38,1.1,23.11,7.51,22.66,35.85,52.51,6.15,1.98,3.64,4.0
150.43,2.55,49.65,23.8,124.87,153.32,10.48,0.47367,13.71,6.16,1.0
72.25,0.0,12.74,53.4,40.25,72.52,7.29,0.84235,1.92,1.3,3.0
23.86,0.0,14.04,10.97,22.3,44.43,5.46,0.7865,0.88,2.23,2.0
5.31,9.31,2.7192982456140355,5.01,3.81,8.05,6.2,2.28,1.13,1.06,3.0
65.14,3.27,22.16,32.64,46.36,65.16,7.84,1.2,1.98,1.99,3.0
137.24,2.02,15.11,34.46,121.61,153.76,42.76,4.66,1.34,3.92,3.0
29.23,3.13,17.937657430730482,10.09,19.37,31.49,284.85,15.88,2.39,2.85,3.0
90.16,1.93,7.57,13.44,81.89,123.37,128.21,23.35,3.89,6.65,4.0
60.14,3.02,24.87,8.09,47.5,60.18,35.68,3.47,2.02,7.29,2.0
18.12,2.89,18.17,14.59,15.42,24.89,20.16,2.49,2.2,1.23,3.0
29.5,5.13,4.99,26.58,24.62,38.99,45.56,13.69,0.29,1.08,4.0
705.75,0.0,29.91,175.07,515.18,789.87,485.78,24.42,6.42,4.0,3.0
729.12,0.0,30.9,175.07,529.0,810.35,501.87,24.42,6.62,4.12,3.0
91.87,2.85,19.84,20.9,76.5,97.29,13.83,1.29,0.9,4.36,2.0
27.6,3.4,11.29,6.46,21.57,43.9,11.09,2.37,0.68,4.22,5.0
40.31,4.98,16.87,17.63,30.93,50.79,7.65,0.62794,2.73,2.3,3.0
148.25,1.75,12.21,171.45,139.05,218.77,65.47,0.0,1.9,0.85,4.0
217.5,2.12,18.78,37.93,176.85,252.87,13.49,1.53,1.34,5.69,3.0
32.5,2.19,6.855036855036854,18.06,27.64,50.2,27.9,4.07,1.18,1.8,1.0
76.13,2.74,21.32,13.31,59.74,84.42,9.51,0.84726,2.13,5.69,2.0
8.64,3.17,10.67,7.81,7.83,11.9,6.87,0.0,2.35,1.09,3.0
28.07,1.63,26.48,3.26,23.25,34.8,10.99,0.97435,1.89,8.48,4.0
70.0,0.0,14.03,-19.06,43.91,95.49,27.91,7.87,0.7,-3.672612801678909,3.0
62.67,5.7,26.78,38.29,52.8,80.35,22.26,1.9,5.79,1.61,3.0
29.66,7.94,7.629834254143646,20.07,25.11,44.79,13.81,1.81,5.29,1.44,4.0
126.86,1.92,23.8,6.01,92.17,135.47,160.84,13.14,1.84,20.9,2.0
41.58,2.24,7.362499999999999,68.45,32.41,79.0,11.78,1.6,1.81,0.61,2.0
43.32,2.89,11.74,10.01,36.36,65.2,7.96,1.36,1.29,4.21,3.0
104.19,2.26,17.25,23.73,87.0,111.86,80.16,7.71,2.06,4.35,3.0
68.96,2.23,23.94,7.68,56.87,87.99,11.64,1.12,3.76,8.79,3.0
51.5,5.1,23.86,44.72,40.02,79.9,5.56,1.02,2.14,1.15,3.0
13.68,1.59,10.21,19.25,11.62,18.5,23.84,7.67,0.45,0.7,3.0
10.34,4.64,4.17,15.4,8.91,16.17,18.53,12.2,0.19,0.7,3.0
43.87,1.35,31.79,7.87,27.08,45.72,23.2,1.3,2.52,5.55,2.0
169.35,0.0,29.76,35.0,126.17,169.45,13.88,0.92803,1.29,4.79,1.0
91.94,2.58,39.63,4.82,82.41,104.32,19.97,1.7,2.67,18.8,4.0
176.6,0.68,20.92,69.77,155.24,219.79,26.19,2.57,0.47,2.47,3.0
134.5,3.89,10.02,14.76,116.9,176.3,129.93,19.59,1.57,8.99,3.0
245.03,1.38,21.51,124.44,220.28,268.89,28.19,2.13,8.42,1.96,3.0
105.02,2.13,20.75,19.86,97.24,122.84,8.4,0.70166,2.81,5.35,4.0
152.4,0.0,49.16,12.66,130.0,242.37,22.24,0.66985,9.83,11.8,3.0
29.62,3.54,12.71,12.93,24.87,35.59,139.92,23.07,2.49,2.26,3.0
100.07,1.22,67.34,3.98,79.63,109.21,26.42,1.17,6.08,24.86,2.0
34.79,5.12,15.6,9.47,32.5,57.01,14.4,3.68,0.64,3.66,2.0
21.58,2.83,19.8,4.59,18.16,23.8,8.77,1.03,1.14,4.66,2.0
56.49,2.38,22.79,22.26,47.08,70.93,14.51,1.81,1.07,2.49,3.0
29.93,6.59,48.75,2.88,23.64,38.91,6.32,0.90255,2.03,10.13,3.0
559.28,0.0,35.99,115.5,447.0,580.0,20.91,0.8387,8.74,4.79,3.0
94.98,2.28,18.51,14.36,78.79,100.14,34.55,3.34,2.56,6.56,2.0
26.88,3.97,11.91,18.65,24.9,42.05,11.37,1.46,2.16,1.4,4.0
77.15,1.14,21.08,11.41,63.58,93.5,8.79,1.05,1.4,6.64,2.0
36.43,3.24,15.87,16.21,33.62,54.52,23.62,3.04,0.64,2.21,4.0
38.47,0.0,19.18,35.07,34.76,48.25,4.71,0.5578,0.4,1.1,3.0
106.38,2.86,19.42,25.86,81.79,106.39,294.35,21.99,4.14,4.06,2.0
24.96,1.61,15.7,11.94,21.49,32.39,9.56,1.08,1.96,2.08,3.0
57.01,3.0,9.5,60.29,50.07,70.61,209.47,0.0,2.3,0.93,3.0
52.43,2.88,16.64,5.02,44.49,83.16,9.1,1.72,0.62,10.34,3.0
74.91,2.71,43.55,6.08,61.13,76.24,26.22,1.97,1.91,12.16,2.0
10.69,2.74,10.17,12.51,9.88,15.7,8.93,0.0,2.17,0.84,4.0
74.96,3.14,28.876190476190477,48.48,61.42,81.2,90.96,3.15,6.32,1.51,2.0
27.12,3.77,13.56,12.21,22.07,28.08,11.21,0.73647,9.39,2.18,2.0
67.45,3.14,20.22,2.35,44.95,70.28,10.5,0.90007,3.63,28.24,3.0
133.5,2.8,48.19,-0.48,103.04,133.53,48.18,4.13,2.57,-278.125,2.0
17.75,2.79,181.12,15.75,11.2,44.71,39.61,6.82,2.74,1.12,3.0
46.26,0.0,15.48,14.74,41.25,75.4,9.05,1.18,0.59,3.07,2.0
44.16,3.19,26.44,5.91,36.56,44.18,190.95,12.1,4.29,7.43,3.0
39.46,1.1,19.52,6.49,27.32,42.75,38.46,5.6,0.35,5.96,2.0
46.67,4.0,12.4,28.66,39.23,79.6,8.86,2.58,0.45,1.59,3.0
82.34,1.59,18.71,36.03,62.2,117.55,8.93,1.1,3.64,2.25,2.0
85.67,2.86,21.51,-2.26,75.11,101.11,24.8,2.52,2.04,-37.907079646017706,4.0
42.24,0.39,12.2,26.75,37.14,56.04,8.93,1.16,0.92,1.54,3.0
110.72,0.0,25.51,49.46,97.79,131.19,11.22,1.61,1.31,2.23,3.0
43.81,2.94,21.48,6.87,36.41,49.57,10.49,0.70285,7.2,6.31,3.0
74.82,2.79,33.11,14.34,68.31,92.85,79.68,5.19,3.95,5.17,3.0
27.94,2.81,30.8,39.79,24.93,58.79,3.01,0.55244,1.1,0.7,4.0
220.03,3.07,19.2,10.22,181.91,227.91,66.67,6.7,1.42,21.19,2.0
68.7,1.61,21.8,9.14,62.62,78.13,62.87,6.95,1.08,7.51,3.0
72.43,1.71,14.99,35.01,61.2,84.48,11.51,1.39,1.9,2.01,2.0
42.59,0.73,13.04,11.36,31.36,51.34,27.18,5.19,1.34,3.64,3.0
78.18,3.87,8.15,14.88,69.1,107.32,33.79,7.13,1.02,5.21,3.0
43.37,3.51,11.23,12.63,34.05,73.61,13.63,3.67,0.49,3.39,3.0
87.42,0.87,26.1,5.4,74.61,101.76,97.1,5.58,9.93,16.0,4.0
68.3,1.5,21.68,-14.01,56.43,85.0,17.31,1.55,5.95,-4.875089221984297,3.0
28.91,1.37,28.23,-0.41,22.38,30.61,9.55,1.05,1.33,-70.51219512195122,2.0
33.14,4.69,30.69,7.75,19.45,34.36,11.26,0.6403,1.93,4.17,2.0
118.37,3.03,24.69,9.05,87.5,124.83,108.69,8.91,4.23,12.93,3.0
43.81,3.33,26.86,10.45,37.77,52.44,8.92,0.69614,4.12,4.18,3.0
155.37,0.72,18.58,38.83,148.29,243.61,35.52,4.29,0.19,3.98,4.0
41.58,1.71,9.36,17.73,33.97,48.58,65.23,4.66,2.16,2.3,3.0
77.66,1.98,44.38,37.17,55.54,79.5,109.2,7.71,4.16,2.06,3.0
39.42,3.83,8.63,61.88,35.0,58.23,43.28,7.96,0.61,0.62,3.0
73.37,2.23,22.44,-3.39,65.53,105.45,13.68,1.09,3.33,-21.64306784660767,3.0
94.1,1.88,30.26,13.12,71.01,94.17,11.96,0.7053,2.75,7.08,3.0
143.5,1.14,33.45,62.95,108.31,178.67,9.26,0.7675,2.82,2.27,3.0
158.99,2.82,20.97,19.22,134.0,170.5,96.2,8.5,3.14,8.18,3.0
67.32,0.0,17.83,46.13,52.01,134.26,7.53,1.43,2.12,1.44,3.0
133.11,0.0,46.2,22.96,113.08,160.5,26.98,0.95832,10.01,5.77,3.0
62.38,3.69,23.38,1.47,47.31,62.45,122.02,8.62,6.37,41.68,3.0
89.84,2.41,23.37,8.08,81.22,123.82,39.56,4.36,2.72,10.96,4.0
25.42,2.9,9.14,27.04,22.02,53.55,8.96,2.05,0.99,0.92,3.0
34.22,3.83,6.51,22.99,29.24,60.38,18.17,6.05,0.28,1.48,4.0
51.0,3.62,32.69,16.27,45.69,61.7,142.47,14.92,3.58,3.11,4.0
7.39,2.67,1.5105740181268883,28.56,6.52,31.53,5.0,3.31,0.87,0.25,2.0
24.63,2.44,8.49,34.97,21.16,41.04,47.29,0.0,1.29,0.68,4.0
52.1,2.74,36.87,9.69,39.72,56.85,412.07,30.46,4.61,5.3,4.0
105.29,2.56,14.66,93.62,100.08,134.0,16.8,0.0,3.72,1.12,3.0
10.72,0.0,5.83,11.89,9.31,31.5,11.12,4.91,0.74,0.9,5.0
16.43,5.1,2.096296296296296,30.94,14.3,51.61,2.83,1.35,0.95,0.54,3.0
47.42,0.0,27.89,19.92,37.59,76.69,23.25,2.72,2.42,2.34,3.0
30.26,1.27,7.951219512195123,24.07,23.77,53.68,13.04,1.64,4.22,1.24,2.0
64.51,1.57,25.8,34.08,47.81,64.95,10.62,1.07,3.08,1.87,2.0
115.84,3.01,19.12,48.86,93.74,116.98,53.52,7.86,3.06,2.37,2.0
25.85,0.4,60.68,21.43,15.39,27.9,13.68,2.83,1.75,1.19,2.0
94.53,0.0,337.61,5.2,58.46,133.27,40.47,0.36811,5.78,17.63,2.0
22.03,2.83,24.42,12.04,16.04,22.14,7.04,1.28,1.49,1.81,2.0
62.38,1.06,30.3,7.85,47.25,68.19,106.24,5.06,3.28,7.69,3.0
192.93,1.66,18.57,30.46,152.31,193.99,34.91,3.54,1.46,6.21,2.0
27.66,4.76,5.068292682926829,43.6,25.74,56.64,10.39,2.05,0.72,0.65,2.0
10.9,5.49,1.0754716981132073,28.85,8.8,26.93,3.42,3.18,0.21,0.38,3.0
73.67,3.11,14.46,40.93,64.51,111.76,21.97,3.94,2.1,1.81,3.0
24.63,2.88,19.93,10.61,20.66,38.93,7.22,0.6025,1.28,2.36,3.0
59.52,2.36,14.92,36.27,54.38,79.25,13.65,0.0,2.84,1.62,3.0
39.75,3.77,35.81,23.13,33.9,50.7,12.74,1.82,0.76,1.69,2.0
31.89,1.46,29.53,8.29,19.09,33.94,17.19,1.08,3.42,3.84,1.0
11.49,1.7,10.438184663536775,20.29,10.74,17.07,6.67,0.639,0.79,0.57,4.0
10.87,1.8,9.874804381846635,20.29,10.21,17.52,6.31,0.639,0.74,0.53,4.0
60.12,3.99,55.21,24.5,43.15,61.34,15.06,0.92653,14.58,2.43,2.0
15.08,0.0,2.474541751527495,2.89,11.58,26.41,2.43,0.982,0.4,5.3,3.0
21.37,11.5,14.3,1.98,18.84,51.53,4.47,1.4,0.52,10.86,2.0
77.71,2.59,17.62,10.23,64.12,80.98,18.62,2.21,1.22,7.52,3.0
37.29,1.62,17.98,10.91,33.13,45.24,156.66,15.21,4.11,3.36,3.0
267.27,0.0,29.15,20.07,202.44,277.96,26.12,1.72,3.24,13.14,2.0
69.65,4.19,10.568588469184888,31.91,58.24,82.06,53.16,5.03,4.25,2.18,2.0
52.14,3.24,25.95,5.15,41.59,54.78,18.82,1.22,6.56,10.03,3.0
51.82,1.84,11.49,19.76,43.46,68.44,18.21,2.77,0.94,2.59,3.0
58.34,3.22,32.59,33.69,47.33,58.46,28.75,4.07,1.68,1.71,2.0
1263.41,0.0,25.55,177.29,954.02,1476.52,62.69,3.5,6.8,7.13,4.0
45.09,1.94,24.33,13.84,38.51,53.07,4.44,0.46429,0.89,3.25,3.0
43.74,3.74,13.25,25.59,36.8,44.18,22.13,4.29,2.11,1.7,2.0
100.67,2.81,27.42,8.33,76.48,103.44,145.51,12.25,2.28,11.96,3.0
30.59,3.99,27.51,10.82,28.25,36.46,188.83,17.86,3.79,2.77,4.0
82.34,3.23,27.89,22.39,65.02,85.44,222.69,18.67,3.04,3.64,4.0
32.17,2.77,14.96,12.49,25.92,33.95,18.77,2.19,0.89,2.55,2.0
101.63,2.45,16.81,35.52,83.32,125.94,13.73,1.68,1.15,2.85,3.0
47.62,0.59,25.4,18.75,39.5,54.52,5.36,0.42053,2.36,2.53,2.0
39.07,4.24,23.87,27.85,35.25,44.96,20.46,1.4,8.48,1.37,2.0
92.45,4.41,20.92,-8.55,75.27,92.85,143.24,11.45,5.29,-10.812865497076023,2.0
82.94,2.42,11.24,81.86,77.67,100.52,41.8,0.0,2.77,1.01,3.0
47.9,2.69,18.65,25.23,41.57,69.65,8.65,0.9928,1.34,1.9,3.0
71.21,3.59,18.17,41.3,56.01,71.4,7.9,1.43,2.23,1.7,2.0
97.01,1.49,18.86,18.67,82.93,118.95,25.88,2.57,1.66,5.12,2.0
36.35,4.22,36.31,14.72,29.18,37.23,24.49,3.77,3.16,2.44,3.0
129.15,0.47,13.131944444444445,73.31,122.62,215.73,18.91,1.44,3.45,1.72,4.0
255.1,2.68,42.03,29.58,182.08,257.98,44.11,1.71,17.77,8.45,2.0
78.76,2.77,10.19,43.48,69.79,94.12,41.66,5.63,0.49,1.82,3.0
80.25,0.2,13.67,55.38,64.16,120.67,6.58,0.9469,0.79,1.39,4.0
102.61,2.88,19.18,15.38,95.6,130.38,29.27,3.59,2.7,6.62,3.0
120.49,0.06,12.73049645390071,56.21,103.5,181.97,17.95,1.41,5.66,2.12,1.0
36.74,0.0,36.74,11.24,30.0,42.55,44.92,1.95,4.82,3.24,3.0
51.64,3.74,17.16,20.23,42.24,74.09,77.2,8.03,3.21,2.55,4.0
42.67,0.0,3282.31,40.09,33.3,88.35,5.85,0.72119,2.19,1.05,3.0
50.94,3.37,19.82,12.79,33.71,51.22,72.71,4.23,6.81,3.98,3.0
74.47,2.03,24.66,36.99,64.21,103.4,16.23,2.11,1.91,1.97,3.0
393.99,0.0,71.38,35.11,350.26,605.93,41.02,1.33,9.99,11.21,4.0
7.51,3.04,10.01,12.35,7.0,10.87,9.67,0.0,1.89,0.6,3.0
39.39,2.25,14.64,7.77,36.17,63.27,5.09,0.63395,1.0,5.05,4.0
67.68,0.0,65.71,7.36,59.59,84.44,12.36,0.36778,6.05,8.88,3.0
8.23,0.0,0.9115853658536587,37.72,7.67,21.9,2.99,3.28,0.38,0.22,2.0
91.92,2.2,16.65,45.29,82.15,141.08,7.72,1.14,1.02,1.99,5.0
104.04,2.76,17.54,17.02,87.53,127.05,13.67,1.27,2.18,6.02,3.0
171.0,0.69,24.96,52.55,150.91,195.93,17.24,1.23,4.79,3.24,3.0
56.54,0.85,23.08,5.91,43.47,57.19,22.9,1.87,1.94,9.52,3.0
23.35,0.64,3.154471544715447,18.57,19.21,65.53,3.88,1.23,2.87,1.26,2.0
46.23,2.61,21.7,22.5,38.99,46.31,15.94,2.56,1.74,2.04,2.0
125.02,2.15,18.4,33.87,95.32,129.99,37.38,3.28,1.59,3.65,3.0
58.75,1.36,36.07,4.03,42.05,64.0,86.84,4.46,4.35,14.43,4.0
66.78,3.5,12.79,37.92,49.89,66.9,9.54,1.5,2.17,1.75,2.0
24.09,0.98,23.39,8.92,21.51,35.72,31.72,0.0,4.94,2.66,3.0
28.77,5.58,99.21,14.21,21.43,38.47,19.3,2.21,3.68,2.02,3.0
46.36,1.16,28.62,2.7,38.02,55.84,9.06,1.1,1.27,16.89,2.0
265.46,1.3,23.79,10.59,218.27,294.35,24.31,1.81,2.09,24.45,3.0
97.17,0.85,18.35,35.79,93.45,152.27,7.73,0.8872,1.17,2.74,3.0
129.57,2.11,38.08,60.44,104.3,130.0,15.51,1.42,2.21,2.11,2.0
72.35,2.69,44.39,28.36,59.6,95.13,90.9,9.64,2.56,2.55,1.0
144.54,1.66,17.84,41.54,133.09,174.52,8.4,0.8328,2.36,3.51,1.0
71.48,1.77,39.27,28.56,44.28,87.43,14.37,1.38,2.52,2.45,3.0
57.8,1.79,13.34,11.51,47.62,74.8,7.43,1.28,2.62,5.01,3.0
49.36,4.42,18.98,22.73,41.4,50.24,45.02,6.66,2.55,2.15,3.0
191.94,3.38,32.64,14.31,170.99,208.14,59.39,3.9,11.22,13.22,3.0
114.52,0.0,38.69,31.74,104.91,151.57,9.84,0.78939,3.26,3.56,3.0
98.91,3.06,19.44,46.79,86.72,112.9,24.57,3.03,2.39,2.11,3.0
33.8,2.75,9.44,43.68,31.07,45.84,17.19,0.0,2.16,0.77,3.0
54.3,2.3,17.69,14.11,48.83,80.84,15.56,1.62,2.8,3.84,4.0
54.74,2.39,12.25,46.04,50.73,81.26,21.9,0.0,2.09,1.18,4.0
30.92,7.82,15.58,6.15,26.25,63.39,9.17,1.79,0.76,5.06,4.0
64.55,1.62,13.15,18.18,54.5,112.88,12.37,1.32,3.61,3.51,4.0
6.77,0.0,1.4799999999999998,11.61,5.0,29.61,2.59,1.75,0.77,0.59,2.0
27.78,0.0,10.48,15.12,23.74,36.4,23.16,0.0,3.4,1.83,4.0
101.8,1.53,26.93,22.82,86.68,105.34,37.97,2.67,3.73,4.36,3.0
19.67,2.98,21.9,8.21,18.31,26.16,12.83,1.95,2.04,2.35,3.0
43.56,2.9,33.61,6.96,35.45,45.11,24.59,2.39,0.5,6.2,3.0
37.37,5.21,15.79,19.96,30.97,37.5,229.87,47.13,1.55,1.86,2.0
86.63,1.89,44.86,38.17,63.91,95.74,18.58,0.6382,5.18,2.26,2.0
27.48,3.34,37.09,10.96,17.6,27.54,6.41,0.9123,2.34,2.51,2.0
57.41,2.27,10.11,22.83,51.7,73.73,21.22,2.53,1.75,2.5,3.0
24.13,2.27,15.47,9.62,21.11,38.48,5.35,1.08,1.75,2.51,4.0
78.67,3.09,6.5398110661268545,21.43,66.46,85.81,48.46,7.41,0.64,3.59,3.0
24.81,0.0,140.97,8.05,21.39,60.93,2.47,2.27,0.14,3.08,3.0
65.12,2.45,16.99,22.25,59.73,96.43,8.35,1.01,1.99,2.92,4.0
75.08,1.15,22.86,6.5,63.53,76.93,50.27,4.27,1.64,11.43,3.0
130.57,0.46,26.55,53.55,117.1,143.65,52.16,4.18,3.06,2.42,2.0
62.05,0.0,45.62,9.72,53.48,94.0,9.01,0.28,5.91,6.24,4.0
69.64,3.09,15.04,19.01,63.57,84.38,17.28,2.03,4.07,3.63,3.0
109.27,2.23,10.04,79.75,95.21,116.48,32.23,5.93,1.19,1.36,3.0
85.5,0.93,28.5,10.37,75.0,96.28,11.49,0.77408,1.85,8.25,3.0
66.49,0.94,19.84,24.72,37.1,66.67,26.25,3.35,0.65,2.64,2.0
77.75,2.62,6.29,64.5,67.8,119.67,9.33,3.94,0.33,1.22,4.0
193.47,1.57,30.04,31.75,145.44,194.22,54.8,7.78,2.27,5.98,2.0
66.66,2.45,14.41,29.71,55.53,91.34,52.99,7.64,1.9,2.26,4.0
53.11,2.85,18.81,9.84,43.49,59.99,53.71,5.29,4.08,5.33,3.0
34.88,2.4,32.03,9.45,28.94,44.0,14.81,1.55,1.49,3.64,3.0
83.06,0.0,79.1,7.72,63.23,105.89,17.94,0.50949,4.48,10.63,2.0
56.86,0.0,2.92,24.59,42.17,70.31,20.44,7.22,0.53,2.29,3.0
121.2,1.65,20.17,35.5,95.0,126.21,115.22,12.28,0.73,3.39,2.0
79.32,2.7,14.45,24.38,67.06,121.4,67.14,10.06,3.09,3.26,3.0
97.72,3.18,18.27,2.16,87.3,107.32,87.01,9.73,1.48,44.79,3.0
26.5,0.0,14.85,9.64,19.26,47.25,3.11,0.4959,0.92,2.79,3.0
39.14,2.54,12.39,23.28,37.07,46.26,68.3,0.0,3.54,1.65,4.0
98.07,2.77,11.38,32.63,83.39,123.5,82.03,10.27,1.4,2.87,4.0
73.27,0.77,26.37,12.25,60.0,81.01,175.9,9.48,12.27,5.86,4.0
79.05,0.0,19.36,16.96,71.07,96.67,7.55,0.61699,2.38,4.58,4.0
64.68,2.41,22.69,12.65,52.21,77.43,27.54,2.08,2.18,5.0,4.0
37.11,4.34,7.96,9.34,30.11,73.52,14.69,4.02,1.13,3.99,4.0
60.69,4.09,7.6,44.14,51.68,73.88,29.22,8.13,0.33,1.37,3.0
97.98,0.83,60.0,33.34,78.83,106.84,13.09,0.81966,3.8,2.92,3.0
86.41,2.89,24.1,28.75,78.91,114.02,16.29,1.22,6.54,2.99,2.0
84.33,0.0,29.9,-9.73,61.31,93.94,9.23,0.66744,8.6,-8.667009249743062,2.0
85.53,0.0,-63.5730018405093,3.82,78.51,143.45,21.07,-0.33143,20.71,22.74,4.0
55.08,5.51,43.96,28.61,46.87,77.36,18.51,1.68,5.51,1.88,3.0
51.11,4.43,11.7,4.03,38.06,51.3,208.17,49.08,1.57,12.6,3.0
121.81,0.0,21.56,25.22,112.0,137.39,9.95,0.67189,4.83,4.79,3.0
79.92,1.83,19.46,28.29,71.5,97.3,86.21,7.61,0.76,2.81,2.0
43.99,4.34,9.07,41.19,38.64,110.0,10.24,2.46,0.76,1.07,4.0
57.98,3.47,24.78,27.42,44.93,58.15,18.3,1.83,3.06,2.09,2.0
47.75,3.05,11.51,33.83,44.5,58.77,243.15,0.0,2.9,1.41,4.0
30.86,1.76,20.94,9.94,28.07,57.39,10.12,1.4,0.65,3.09,3.0
56.17,2.74,34.04,11.95,45.86,56.8,25.03,3.39,1.93,4.69,2.0
16.03,15.85,4.130584192439862,9.86,10.22,61.38,12.02,2.91,1.69,1.69,3.0
68.04,3.05,14.89,25.28,56.3,84.16,216.78,33.56,0.44,2.65,4.0
32.42,4.64,4.113300492610838,42.61,29.73,66.4,8.35,2.03,0.66,0.76,3.0
18.35,3.49,11.33,2.8,16.02,22.84,9.21,1.39,1.66,6.48,3.0
25.36,5.26,28.49,9.51,22.06,35.6,12.95,1.47,1.81,2.63,3.0
71.65,2.38,13.94,8.33,60.59,94.35,8.06,1.26,1.44,8.48,3.0
80.63,2.51,41.99,-1.75,49.95,145.4,8.16,1.0,1.98,-46.074285714285715,4.0
84.53,0.73,10.495733654399832,29.5,72.77,132.18,8.02,0.76412,5.54,2.88,1.0
40.2,3.43,20.73,20.79,31.76,40.42,20.4,3.23,1.84,1.92,2.0
48.25,2.54,24.03,10.14,38.73,50.72,12.33,0.74521,5.5,4.69,3.0
82.01,3.54,21.3,41.01,66.55,90.09,340.83,39.69,1.38,1.99,2.0
60.74,0.51,34.51,16.69,49.48,63.45,8.51,0.5924,3.03,3.47,2.0
9.64,3.23,22.37,8.97,8.48,13.72,9.76,2.02,0.54,1.07,3.0
37.56,1.65,20.09,11.68,29.9,38.08,6.7,0.588,1.83,3.21,2.0
31.36,0.0,62.336732114266454,30.78,26.15,46.17,29.59,0.47468,5.88,1.01,3.0
70.96,2.56,24.3,2.17,64.58,95.9,29.0,2.9,2.23,32.96,4.0
96.89,0.92,372.65,48.29,88.27,121.54,19.69,1.96,3.2,1.95,3.0
21.23,1.08,17.69,32.67,19.65,33.03,4.34,0.0,2.06,0.63,3.0
42.9,0.89,63.27,2.47,37.73,55.38,21.36,1.46,4.43,17.18,2.0
